Toko,Platform,Kategori Seri,Kategori Varian,penyimpanan,Battery Health,Harga,Pembayaran,Wilayah Toko,Kategori iPhone
Iplug_store,Shopee,iPhone 11 Series,iPhone 11,64GB,,Rp2.050.000,"VA, E-Wallet",Jakarta Barat,Inter
XYPHONE,Shopee,iPhone 11 Series,iPhone 11,64GB,,Rp2.100.000,"VA, E-Wallet",Jakarta Barat,Resmi
gloria.gadget8,Shopee,iPhone 11 Series,iPhone 11,64GB,,Rp2.150.000,"VA, E-Wallet",Kab. Tangerang,Resmi
YK168,Shopee,iPhone 11 Series,iPhone 11,64GB,,Rp2.180.000,"VA, E-Wallet",Jakarta Barat,Resmi
GudangGadget08,Shopee,iPhone 11 Series,iPhone 11,64GB,,Rp2.200.000,"VA, E-Wallet",Kab. Tangerang,Resmi
LunexStore,Shopee,iPhone 11 Series,iPhone 11,64GB,99.0,Rp2.518.000,"VA, E-Wallet",Jakarta Utara,Resmi
YM Store168,Shopee,iPhone 11 Series,iPhone 11,128GB,,Rp2.560.000,"VA, E-Wallet",Jakarta Utara,Resmi
Skullpanda.Store,Shopee,iPhone 11 Series,iPhone 11,64GB,,Rp2.598.000,"VA, E-Wallet",Jakarta Utara,Resmi
SmartHive,Shopee,iPhone 11 Series,iPhone 11,64GB,,Rp2.994.000,"VA, E-Wallet",Jakarta Utara,Resmi
Boboy Store,Shopee,iPhone 11 Series,iPhone 11,64GB,,Rp3.150.000,"VA, E-Wallet",Jakarta Barat,Resmi
Gadget Murmer,Shopee,iPhone 11 Series,iPhone 11,64GB,,Rp3.690.000,"VA, E-Wallet",Jakarta Utara,Resmi
TiMii Resmi Store,Shopee,iPhone 11 Series,iPhone 11,64GB,90.0,Rp3.700.000,"VA, E-Wallet",Jakarta Utara,Resmi
Mega.Digital,Shopee,iPhone 11 Series,iPhone 11,64GB,,Rp3.800.000,"VA, E-Wallet",Jakarta Barat,Resmi
TiMii Resmi Store,Shopee,iPhone 11 Series,iPhone 11,64GB,,Rp3.800.000,"VA, E-Wallet",Jakarta Utara,Resmi
467_567,Shopee,iPhone 11 Series,iPhone 11,64GB,90.0,Rp3.998.000,"VA, E-Wallet",Jakarta Barat,Resmi
Monica store86,Shopee,iPhone 11 Series,iPhone 11,64GB,,Rp4.128.000,"VA, E-Wallet",Jakarta Utara,Resmi
Semesta.Line,Shopee,iPhone 11 Series,iPhone 11,64GB,,Rp4.230.000,"VA, E-Wallet",Jakarta Barat,Inter
Rajadunia.Sda,Shopee,iPhone 11 Series,iPhone 11,64GB,,Rp4.800.000,"VA, E-Wallet",Kab. Sidoarjo,Resmi
Blizt smart store,Shopee,iPhone 11 Series,iPhone 11,256GB,,Rp5.078.000,"VA, E-Wallet",Jakarta Utara,Resmi
anisxptr_,Shopee,iPhone 11 Series,iPhone 11,64GB,90.0,Rp5.398.000,"VA, E-Wallet",Jakarta Barat,Resmi
NeupPhonic,Shopee,iPhone 11 Series,iPhone 11 Pro,512GB,,Rp2.892.000,"VA, E-Wallet",Jakarta Utara,Resmi
AigoCell,Shopee,iPhone 11 Series,iPhone 11 Pro,256GB,,Rp2.894.000,"VA, E-Wallet",Jakarta Utara,Resmi
Bubbles88,Shopee,iPhone 11 Series,iPhone 11 Pro,64GB,100.0,Rp3.009.000,"VA, E-Wallet",Jakarta Barat,Resmi
mnsn store,Shopee,iPhone 11 Series,iPhone 11 Pro,64GB,,Rp3.679.000,"VA, E-Wallet",Jakarta Barat,Resmi
leo iphone store,Shopee,iPhone 11 Series,iPhone 11 Pro,64GB,,Rp3.679.000,"VA, E-Wallet",Jakarta Barat,Resmi
Apple Sure91,Shopee,iPhone 11 Series,iPhone 11 Pro,64GB,,Rp3.709.000,"VA, E-Wallet",Jakarta Barat,Resmi
OvinStore,Shopee,iPhone 11 Series,iPhone 11 Pro,64GB,,Rp3.759.000,"VA, E-Wallet",Jakarta Barat,Resmi
fionakimberly88,Shopee,iPhone 11 Series,iPhone 11 Pro,64GB,80.0,Rp3.773.000,"VA, E-Wallet",Jakarta Barat,Resmi
JNC.CELL,Shopee,iPhone 11 Series,iPhone 11 Pro,64GB,80.0,Rp3.791.000,"VA, E-Wallet",Jakarta Barat,Resmi
Box.id store,Shopee,iPhone 11 Series,iPhone 11 Pro,64GB,80.0,Rp3.798.000,"VA, E-Wallet",Jakarta Barat,Resmi
i.shop33,Shopee,iPhone 11 Series,iPhone 11 Pro,64GB,90.0,Rp3.799.000,"VA, E-Wallet",Jakarta Barat,Resmi
Gudang_iphone.id,Shopee,iPhone 11 Series,iPhone 11 Pro,64GB,,Rp3.924.000,"VA, E-Wallet",Jakarta Barat,Resmi
iboxsecond.id,Shopee,iPhone 11 Series,iPhone 11 Pro,64GB,100.0,Rp3.930.000,"VA, E-Wallet",Jakarta Barat,Resmi
Kino Phone Cell,Shopee,iPhone 11 Series,iPhone 11 Pro,64GB,90.0,Rp4.210.000,"VA, E-Wallet",Jakarta Pusat,Inter
Kino Phone Cell,Shopee,iPhone 11 Series,iPhone 11 Pro,64GB,90.0,Rp4.220.000,"VA, E-Wallet",Jakarta Pusat,Inter
WONGTOPCELL,Shopee,iPhone 11 Series,iPhone 11 Pro,256GB,,Rp4.299.000,"VA, E-Wallet",Malang,Resmi
iCenter Asli,Shopee,iPhone 11 Series,iPhone 11 Pro,64GB,90.0,Rp4.340.000,"VA, E-Wallet",Jakarta Utara,Resmi
sukseshandphone,Shopee,iPhone 11 Series,iPhone 11 Pro,64GB,,Rp4.355.000,"VA, E-Wallet",Jakarta Utara,Resmi
TiMii Resmi Store,Shopee,iPhone 11 Series,iPhone 11 Pro,64GB,90.0,Rp4.400.000,"VA, E-Wallet",Jakarta Utara,Resmi
J.k.t Apple Town,Shopee,iPhone 11 Series,iPhone 11 Pro,64GB,95.0,Rp4.500.000,"VA, E-Wallet",Jakarta Utara,Resmi
Velora Phone,Shopee,iPhone 11 Series,iPhone 11 Pro,64GB,,Rp4.529.000,"VA, E-Wallet",Jakarta Utara,Resmi
intanlestarii26,Shopee,iPhone 11 Series,iPhone 11 Pro,64GB,90.0,Rp4.598.000,"VA, E-Wallet",Jakarta Barat,Resmi
TiMii Resmi Store,Shopee,iPhone 11 Series,iPhone 11 Pro,64GB,90.0,Rp4.599.000,"VA, E-Wallet",Jakarta Utara,Resmi
MK Cellular Medan,Shopee,iPhone 11 Series,iPhone 11 Pro,64GB,,Rp4.852.000,"VA, E-Wallet",Medan,Resmi
TiMii Resmi Store,Shopee,iPhone 11 Series,iPhone 11 Pro,64GB,90.0,Rp5.050.000,"VA, E-Wallet",Jakarta Utara,Resmi
Digital Global,Shopee,iPhone 11 Series,iPhone 11 Pro,64GB,95.0,Rp5.190.892,"VA, E-Wallet",Tangerang Selatan,Resmi
Kino Phone Cell,Shopee,iPhone 11 Series,iPhone 11 Pro,64GB,90.0,Rp5.470.000,"VA, E-Wallet",Jakarta Pusat,Beacukai
Gadget Store Cell,Shopee,iPhone 11 Series,iPhone 11 Pro,64GB,99.0,Rp5.471.200,"VA, E-Wallet",Jakarta Barat,Resmi
renaldyekawahyudi,Shopee,iPhone 11 Series,iPhone 11 Pro,64GB,,Rp5.709.000,"VA, E-Wallet",Jakarta Selatan,Resmi
Velora Phone,Shopee,iPhone 11 Series,iPhone 11 Pro,64GB,,Rp8.050.000,"VA, E-Wallet",Jakarta Utara,Resmi
EVASTOREEE,Shopee,iPhone 11 Series,iPhone 11 Pro Max,128GB,,Rp2.600.000,"VA, E-Wallet",Jakarta Barat,Resmi
Superfix168,Shopee,iPhone 11 Series,iPhone 11 Pro Max,64GB,,Rp2.620.000,"VA, E-Wallet",Jakarta Barat,Resmi
Happyolshop66,Shopee,iPhone 11 Series,iPhone 11 Pro Max,64GB,,Rp2.673.000,"VA, E-Wallet",Jakarta Barat,Resmi
PrimeCell,Shopee,iPhone 11 Series,iPhone 11 Pro Max,512GB,,Rp2.855.000,"VA, E-Wallet",Jakarta Utara,Resmi
techlife.store,Shopee,iPhone 11 Series,iPhone 11 Pro Max,64GB,,Rp2.894.000,"VA, E-Wallet",Jakarta Utara,Resmi
AppleAuthentic,Shopee,iPhone 11 Series,iPhone 11 Pro Max,64GB,,Rp2.894.000,"VA, E-Wallet",Jakarta Utara,Resmi
swift cell,Shopee,iPhone 11 Series,iPhone 11 Pro Max,64GB,,Rp2.894.000,"VA, E-Wallet",Jakarta Utara,Resmi
RingTik Corner,Shopee,iPhone 11 Series,iPhone 11 Pro Max,512GB,99.0,Rp2.934.000,"VA, E-Wallet",Jakarta Utara,Resmi
T-One Cell,Shopee,iPhone 11 Series,iPhone 11 Pro Max,64GB,99.0,Rp2.934.000,"VA, E-Wallet",Jakarta Utara,Resmi
LunexStore,Shopee,iPhone 11 Series,iPhone 11 Pro Max,64GB,99.0,Rp3.034.000,"VA, E-Wallet",Jakarta Utara,Resmi
Neomobile,Shopee,iPhone 11 Series,iPhone 11 Pro Max,512GB,,Rp3.074.000,"VA, E-Wallet",Jakarta Utara,Resmi
azizstore818,Shopee,iPhone 11 Series,iPhone 11 Pro Max,64GB,,Rp3.270.000,"VA, E-Wallet",Jakarta Utara,Resmi
Apple Sure91,Shopee,iPhone 11 Series,iPhone 11 Pro Max,64GB,,Rp3.889.000,"VA, E-Wallet",Jakarta Barat,Resmi
Bojun88,Shopee,iPhone 11 Series,iPhone 11 Pro Max,64GB,,Rp3.899.000,"VA, E-Wallet",Jakarta Utara,Inter
i.shop33,Shopee,iPhone 11 Series,iPhone 11 Pro Max,128GB,90.0,Rp3.995.000,"VA, E-Wallet",Jakarta Barat,Resmi
iboxsecond.id,Shopee,iPhone 11 Series,iPhone 11 Pro Max,64GB,100.0,Rp4.180.000,"VA, E-Wallet",Jakarta Barat,Resmi
Kino Phone Cell,Shopee,iPhone 11 Series,iPhone 11 Pro Max,64GB,90.0,Rp4.320.000,"VA, E-Wallet",Jakarta Pusat,Inter
TiMii Resmi Store,Shopee,iPhone 11 Series,iPhone 11 Pro Max,64GB,90.0,Rp4.400.000,"VA, E-Wallet",Jakarta Utara,Resmi
ICOLORON,Shopee,iPhone 11 Series,iPhone 11 Pro Max,64GB,,Rp4.748.500,"VA, E-Wallet",Tangerang Selatan,Resmi
tkoaman,Shopee,iPhone 11 Series,iPhone 11 Pro Max,64GB,80.0,Rp4.850.000,"VA, E-Wallet",Jakarta Pusat,Resmi
Kino Phone Cell,Shopee,iPhone 11 Series,iPhone 11 Pro Max,64GB,90.0,Rp5.370.000,"VA, E-Wallet",Jakarta Pusat,Beacukai
bqt.muslim.store_37,Shopee,iPhone 11 Series,iPhone 11 Pro Max,64GB,,Rp6.349.000,"VA, E-Wallet",Jakarta Selatan,Resmi
Firestar store98,Shopee,iPhone 11 Series,iPhone 11 Pro Max,64GB,,Rp6.788.000,"VA, E-Wallet",Jakarta Utara,Resmi
phonestore_89,Shopee,iPhone 12 Series,iPhone 12,64GB,,Rp2.170.000,"VA, E-Wallet",Jakarta Barat,Resmi
QQdigital1588,Shopee,iPhone 12 Series,iPhone 12,64GB,,Rp2.230.000,"VA, E-Wallet",Jakarta Barat,Resmi
Superfix168,Shopee,iPhone 12 Series,iPhone 12,64GB,,Rp2.230.000,"VA, E-Wallet",Jakarta Barat,Resmi
EVASTOREEE,Shopee,iPhone 12 Series,iPhone 12,64GB,,Rp2.380.000,"VA, E-Wallet",Jakarta Barat,Resmi
Happyolshop66,Shopee,iPhone 12 Series,iPhone 12,64GB,,Rp2.405.700,"VA, E-Wallet",Jakarta Barat,Resmi
JOEYGADGETT,Shopee,iPhone 12 Series,iPhone 12,64GB,,Rp2.480.000,"VA, E-Wallet",Jakarta Barat,Resmi
RingTik Corner,Shopee,iPhone 12 Series,iPhone 12,64GB,99.0,Rp2.580.000,"VA, E-Wallet",Jakarta Utara,Resmi
Connect Cell,Shopee,iPhone 12 Series,iPhone 12,256GB,,Rp2.580.000,"VA, E-Wallet",Jakarta Utara,Resmi
T-One Cell,Shopee,iPhone 12 Series,iPhone 12,64GB,99.0,Rp2.580.000,"VA, E-Wallet",Jakarta Utara,Resmi
PlanetPhonecel,Shopee,iPhone 12 Series,iPhone 12,64GB,,Rp2.590.000,"VA, E-Wallet",Jakarta Utara,Resmi
swift cell,Shopee,iPhone 12 Series,iPhone 12,64GB,,Rp2.640.000,"VA, E-Wallet",Jakarta Utara,Resmi
AppleAuthentic,Shopee,iPhone 12 Series,iPhone 12,64GB,,Rp2.640.000,"VA, E-Wallet",Jakarta Utara,Resmi
techlife.store,Shopee,iPhone 12 Series,iPhone 12,64GB,,Rp2.640.000,"VA, E-Wallet",Jakarta Utara,Resmi
AigoCell,Shopee,iPhone 12 Series,iPhone 12,64GB,,Rp2.640.000,"VA, E-Wallet",Jakarta Utara,Resmi
iLux Store,Shopee,iPhone 12 Series,iPhone 12,64GB,,Rp2.640.000,"VA, E-Wallet",Jakarta Utara,Resmi
LunexStore,Shopee,iPhone 12 Series,iPhone 12,64GB,99.0,Rp2.680.000,"VA, E-Wallet",Jakarta Utara,Resmi
Neomobile,Shopee,iPhone 12 Series,iPhone 12,512GB,,Rp2.720.000,"VA, E-Wallet",Jakarta Utara,Resmi
GGSTORE168,Shopee,iPhone 12 Series,iPhone 12,64GB,99.0,Rp2.749.000,"VA, E-Wallet",Surabaya,Resmi
YYSTORE168,Shopee,iPhone 12 Series,iPhone 12,64GB,95.0,Rp3.230.000,"VA, E-Wallet",Jakarta Utara,Resmi
Kino Phone Cell,Shopee,iPhone 12 Series,iPhone 12,128GB,90.0,Rp3.270.000,"VA, E-Wallet",Jakarta Pusat,Inter
TiMii Resmi Store,Shopee,iPhone 12 Series,iPhone 12,64GB,90.0,Rp3.350.000,"VA, E-Wallet",Jakarta Utara,Resmi
Duniagadget88,Shopee,iPhone 12 Series,iPhone 12,64GB,90.0,Rp3.350.000,"VA, E-Wallet",Kab. Tangerang,Resmi
iSymphony835,Shopee,iPhone 12 Series,iPhone 12,64GB,,Rp3.350.000,"VA, E-Wallet",Kab. Tangerang,Resmi
Kino Phone Cell,Shopee,iPhone 12 Series,iPhone 12,64GB,90.0,Rp3.370.000,"VA, E-Wallet",Jakarta Pusat,Inter
Mira Gadget,Shopee,iPhone 12 Series,iPhone 12,64GB,,Rp3.500.000,"COD, VA, E-Wallet",Jakarta Utara,Resmi
Bojun88,Shopee,iPhone 12 Series,iPhone 12,64GB,,Rp3.579.000,"VA, E-Wallet",Jakarta Utara,Inter
Bojun88,Shopee,iPhone 12 Series,iPhone 12,64GB,,Rp3.599.000,"VA, E-Wallet",Jakarta Utara,Inter
KhaiStore168,Shopee,iPhone 12 Series,iPhone 12,64GB,100.0,Rp3.600.000,"VA, E-Wallet",Jakarta Utara,Resmi
Oscar Store 168,Shopee,iPhone 12 Series,iPhone 12,64GB,,Rp3.600.000,"VA, E-Wallet",Jakarta Utara,Resmi
Luna Store09,Shopee,iPhone 12 Series,iPhone 12,64GB,,Rp3.649.000,"VA, E-Wallet",Jakarta Utara,Inter
SOHOStar,Shopee,iPhone 12 Series,iPhone 12,128GB,85.0,Rp3.699.000,"VA, E-Wallet",Tangerang,Inter
Queen Gadget08,Shopee,iPhone 12 Series,iPhone 12,64GB,85.0,Rp3.699.000,"VA, E-Wallet",Jakarta Utara,Inter
azizstore818,Shopee,iPhone 12 Series,iPhone 12,128GB,,Rp3.700.000,"VA, E-Wallet",Jakarta Utara,Resmi
Bojun88,Shopee,iPhone 12 Series,iPhone 12,128GB,,Rp3.749.000,"VA, E-Wallet",Jakarta Utara,Inter
syaibastore19,Shopee,iPhone 12 Series,iPhone 12,128GB,100.0,Rp3.750.000,"VA, E-Wallet",Jakarta Utara,Resmi
PS STORE PONSEL,Shopee,iPhone 12 Series,iPhone 12,64GB,,Rp3.760.000,"VA, E-Wallet",Jakarta Barat,Inter
Lucky PonseI,Shopee,iPhone 12 Series,iPhone 12,64GB,90.0,Rp3.760.000,"VA, E-Wallet",Jakarta Barat,Resmi
Gadget Store Cell,Shopee,iPhone 12 Series,iPhone 12,64GB,100.0,Rp3.871.200,"VA, E-Wallet",Jakarta Barat,Resmi
VOLTAPHONE,Shopee,iPhone 12 Series,iPhone 12,64GB,,Rp3.900.000,"VA, E-Wallet",Jakarta Utara,Resmi
Boboy Store,Shopee,iPhone 12 Series,iPhone 12,64GB,90.0,Rp3.900.000,"VA, E-Wallet",Jakarta Barat,Resmi
ICOLORON,Shopee,iPhone 12 Series,iPhone 12,64GB,,Rp3.900.500,"VA, E-Wallet",Tangerang Selatan,Resmi
AMGSTORE,Shopee,iPhone 12 Series,iPhone 12,64GB,,Rp3.911.112,"VA, E-Wallet",Tangerang,Resmi
ICOLORON,Shopee,iPhone 12 Series,iPhone 12,64GB,,Rp3.991.500,"VA, E-Wallet",Tangerang Selatan,Resmi
Agengstore1108,Shopee,iPhone 12 Series,iPhone 12,64GB,,Rp4.000.000,"VA, E-Wallet",Jakarta Utara,Resmi
ICOLORON,Shopee,iPhone 12 Series,iPhone 12,64GB,,Rp4.040.000,"VA, E-Wallet",Tangerang Selatan,Resmi
Arisa store68,Shopee,iPhone 12 Series,iPhone 12,64GB,,Rp4.099.000,"VA, E-Wallet",Jakarta Utara,Inter
Super01Store,Shopee,iPhone 12 Series,iPhone 12,64GB,,Rp4.100.000,"VA, E-Wallet",Jakarta Barat,Resmi
Bluelaky Shop,Shopee,iPhone 12 Series,iPhone 12,128GB,,Rp4.188.000,"VA, E-Wallet",Jakarta Utara,Inter
Gadget Store Cell,Shopee,iPhone 12 Series,iPhone 12,64GB,99.0,Rp4.371.200,"VA, E-Wallet",Jakarta Barat,Resmi
Jordan Corner,Shopee,iPhone 12 Series,iPhone 12,64GB,,Rp4.408.000,"VA, E-Wallet",Yogyakarta,Resmi
Kino Phone Cell,Shopee,iPhone 12 Series,iPhone 12,64GB,90.0,Rp4.470.000,"VA, E-Wallet",Jakarta Pusat,Beacukai
Boboy Store,Shopee,iPhone 12 Series,iPhone 12,64GB,90.0,Rp5.250.000,"VA, E-Wallet",Jakarta Barat,Resmi
Komunikasi Shunshida 3C,Shopee,iPhone 12 Series,iPhone 12,128GB,100.0,Rp5.400.000,"VA, E-Wallet",Jakarta Barat,Resmi
lotusflower22,Shopee,iPhone 12 Series,iPhone 12,128GB,,Rp5.549.000,"VA, E-Wallet",Jakarta Selatan,Resmi
JNC.CELL,Shopee,iPhone 12 Series,iPhone 12 Mini,64GB,80.0,Rp3.055.000,"VA, E-Wallet",Jakarta Barat,Resmi
shop_1675372979,Shopee,iPhone 12 Series,iPhone 12 Mini,128GB,,Rp3.075.000,"VA, E-Wallet",Jakarta Barat,Inter
Apple Sure91,Shopee,iPhone 12 Series,iPhone 12 Mini,64GB,,Rp3.170.000,"VA, E-Wallet",Jakarta Barat,Resmi
sutenapratama,Shopee,iPhone 12 Series,iPhone 12 Mini,64GB,90.0,Rp3.202.000,"VA, E-Wallet",Jakarta Barat,Resmi
Gudang_iphone.id,Shopee,iPhone 12 Series,iPhone 12 Mini,64GB,,Rp3.205.000,"VA, E-Wallet",Jakarta Barat,Resmi
Kino Phone Cell,Shopee,iPhone 12 Series,iPhone 12 Mini,64GB,90.0,Rp3.319.000,"VA, E-Wallet",Jakarta Pusat,Inter
Kino Phone Cell,Shopee,iPhone 12 Series,iPhone 12 Mini,64GB,90.0,Rp3.320.000,"VA, E-Wallet",Jakarta Pusat,Inter
QQ STORE168,Shopee,iPhone 12 Series,iPhone 12 Mini,64GB,,Rp3.370.000,"VA, E-Wallet",Jakarta Barat,Resmi
Vibe Gadget,Shopee,iPhone 12 Series,iPhone 12 Mini,64GB,,Rp3.750.000,"VA, E-Wallet",Medan,Resmi
hopecats17,Shopee,iPhone 12 Series,iPhone 12 Mini,128GB,,Rp5.049.000,"VA, E-Wallet",Jakarta Selatan,Resmi
Happyolshop66,Shopee,iPhone 12 Series,iPhone 12 Pro,128GB,,Rp3.210.000,"VA, E-Wallet",Jakarta Barat,Resmi
phonestore_89,Shopee,iPhone 12 Series,iPhone 12 Pro,128GB,,Rp3.230.000,"VA, E-Wallet",Jakarta Barat,Resmi
EVASTOREEE,Shopee,iPhone 12 Series,iPhone 12 Pro,128GB,,Rp3.240.000,"VA, E-Wallet",Jakarta Barat,Resmi
Superfix168,Shopee,iPhone 12 Series,iPhone 12 Pro,128GB,,Rp3.340.000,"VA, E-Wallet",Jakarta Barat,Resmi
PlanetPhonecel,Shopee,iPhone 12 Series,iPhone 12 Pro,512GB,,Rp3.522.000,"VA, E-Wallet",Jakarta Utara,Resmi
Gadget Store Cell,Shopee,iPhone 12 Series,iPhone 12 Pro,128GB,99.0,Rp3.871.200,"VA, E-Wallet",Jakarta Barat,Resmi
T-One Cell,Shopee,iPhone 12 Series,iPhone 12 Pro,128GB,99.0,Rp3.930.000,"VA, E-Wallet",Jakarta Utara,Resmi
ICOLORON,Shopee,iPhone 12 Series,iPhone 12 Pro,128GB,,Rp3.991.500,"VA, E-Wallet",Tangerang Selatan,Resmi
ICOLORON,Shopee,iPhone 12 Series,iPhone 12 Pro,128GB,,Rp4.045.500,"VA, E-Wallet",Tangerang Selatan,Resmi
iCell Mart,Shopee,iPhone 12 Series,iPhone 12 Pro,128GB,,Rp4.610.000,"VA, E-Wallet",Jakarta Utara,Resmi
Monica store86,Shopee,iPhone 12 Series,iPhone 12 Pro,128GB,,Rp4.618.000,"VA, E-Wallet",Jakarta Utara,Resmi
Kino Phone Cell,Shopee,iPhone 12 Series,iPhone 12 Pro,128GB,90.0,Rp5.120.000,"VA, E-Wallet",Jakarta Pusat,Inter
P S T 0 R E,Shopee,iPhone 12 Series,iPhone 12 Pro,128GB,,Rp5.149.000,"VA, E-Wallet",Jakarta Timur,Resmi
Kino Phone Cell,Shopee,iPhone 12 Series,iPhone 12 Pro,128GB,90.0,Rp5.220.000,"VA, E-Wallet",Jakarta Pusat,Inter
Vibe Gadget,Shopee,iPhone 12 Series,iPhone 12 Pro,128GB,,Rp5.450.000,"VA, E-Wallet",Medan,Resmi
iPlanet.IND,Shopee,iPhone 12 Series,iPhone 12 Pro,128GB,,Rp5.779.000,"VA, E-Wallet",Jakarta Barat,Resmi
AWA.applewatchasli,Shopee,iPhone 12 Series,iPhone 12 Pro,128GB,85.0,Rp8.400.000,"VA, E-Wallet",Jakarta Utara,Resmi
Firestar store98,Shopee,iPhone 12 Series,iPhone 12 Pro,128GB,,Rp9.068.000,"VA, E-Wallet",Jakarta Utara,Resmi
Happyolshop66,Shopee,iPhone 12 Series,iPhone 12 Pro Max,128GB,,Rp3.270.000,"VA, E-Wallet",Jakarta Barat,Resmi
Velora Phone,Shopee,iPhone 12 Series,iPhone 12 Pro Max,64GB,,Rp3.280.000,"VA, E-Wallet",Jakarta Utara,Resmi
iCenter Asli,Shopee,iPhone 12 Series,iPhone 12 Pro Max,64GB,90.0,Rp3.290.000,"VA, E-Wallet",Jakarta Utara,Resmi
TiMii Resmi Store,Shopee,iPhone 12 Series,iPhone 12 Pro Max,64GB,90.0,Rp3.350.000,"VA, E-Wallet",Jakarta Utara,Resmi
LunexStore,Shopee,iPhone 12 Series,iPhone 12 Pro Max,512GB,99.0,Rp4.122.000,"VA, E-Wallet",Jakarta Utara,Resmi
iPrime_Mall.id,Shopee,iPhone 12 Series,iPhone 12 Pro Max,64GB,,Rp4.378.900,"VA, E-Wallet",Jakarta Barat,Resmi
iCenter Asli,Shopee,iPhone 12 Series,iPhone 12 Pro Max,128GB,90.0,Rp4.735.000,"VA, E-Wallet",Jakarta Utara,Resmi
Oscar Store 168,Shopee,iPhone 12 Series,iPhone 12 Pro Max,128GB,,Rp4.950.000,"VA, E-Wallet",Jakarta Utara,Resmi
azizstore818,Shopee,iPhone 12 Series,iPhone 12 Pro Max,128GB,,Rp5.050.000,"VA, E-Wallet",Jakarta Utara,Inter
Kino Phone Cell,Shopee,iPhone 12 Series,iPhone 12 Pro Max,51GB,90.0,Rp5.092.000,"VA, E-Wallet",Jakarta Pusat,Inter
ZYPHONE,Shopee,iPhone 12 Series,iPhone 12 Pro Max,128GB,,Rp5.200.000,"VA, E-Wallet",Tangerang,Resmi
Prime_Phone_Store,Shopee,iPhone 12 Series,iPhone 12 Pro Max,256GB,,Rp5.762.800,"VA, E-Wallet",Jakarta Barat,Resmi
iPlanet.IND,Shopee,iPhone 12 Series,iPhone 12 Pro Max,128GB,,Rp5.779.000,"VA, E-Wallet",Jakarta Barat,Resmi
Pusat HP Indonesia_Mall,Shopee,iPhone 12 Series,iPhone 12 Pro Max,128GB,,Rp5.779.000,"VA, E-Wallet",Jakarta Barat,Resmi
BestDeal_Mall.ID,Shopee,iPhone 12 Series,iPhone 12 Pro Max,128GB,,Rp5.779.000,"VA, E-Wallet",Jakarta Barat,Resmi
VertexTech.mall,Shopee,iPhone 12 Series,iPhone 12 Pro Max,128GB,,Rp5.789.000,"VA, E-Wallet",Jakarta Barat,Resmi
iStore Jakarta,Shopee,iPhone 12 Series,iPhone 12 Pro Max,128GB,,Rp5.789.000,"VA, E-Wallet",Jakarta Barat,Resmi
AMANAH_ST0RE,Shopee,iPhone 13 Series,iPhone 13,128GB,,0,"VA, E-Wallet",Jakarta Pusat,Resmi
Blizt smart store,Shopee,iPhone 13 Series,iPhone 13,128GB,,Rp1.288.000,"VA, E-Wallet",Jakarta Utara,Resmi
Q7 STORE,Shopee,iPhone 13 Series,iPhone 13,128GB,,Rp2.450.000,"VA, E-Wallet",Jakarta Utara,Inter
AlohaTTSir HP.ID,Shopee,iPhone 13 Series,iPhone 13,128GB,,Rp3.149.500,"VA, E-Wallet",Jakarta Utara,Resmi
iStorePlus,Shopee,iPhone 13 Series,iPhone 13,128GB,,Rp3.158.999,"VA, E-Wallet",Jakarta Utara,Resmi
iCell Mart,Shopee,iPhone 13 Series,iPhone 13,128GB,,Rp3.165.000,"COD, VA, E-Wallet",Jakarta Utara,Resmi
iCenter Asli,Shopee,iPhone 13 Series,iPhone 13,128GB,90.0,Rp3.170.000,"VA, E-Wallet",Jakarta Utara,Resmi
TiMii Resmi Store,Shopee,iPhone 13 Series,iPhone 13,128GB,,Rp3.200.000,"VA, E-Wallet",Jakarta Utara,Resmi
iSymphony835,Shopee,iPhone 13 Series,iPhone 13,128GB,,Rp3.200.000,"VA, E-Wallet",Kab. Tangerang,Inter
gloria.gadget8,Shopee,iPhone 13 Series,iPhone 13,128GB,,Rp3.200.000,"VA, E-Wallet",Kab. Tangerang,Resmi
techno_pixel,Shopee,iPhone 13 Series,iPhone 13,128GB,,Rp3.200.000,"VA, E-Wallet",Kab. Tangerang,Inter
GudangGadget08,Shopee,iPhone 13 Series,iPhone 13,128GB,,Rp3.260.000,"VA, E-Wallet",Kab. Tangerang,Resmi
Smart gadget 01,Shopee,iPhone 13 Series,iPhone 13,128GB,95.0,Rp3.290.000,"VA, E-Wallet",Jakarta Barat,Resmi
GoPhone ID,Shopee,iPhone 13 Series,iPhone 13,128GB,90.0,Rp3.299.000,"VA, E-Wallet",Jakarta Barat,Resmi
T4 Store,Shopee,iPhone 13 Series,iPhone 13,128GB,,Rp3.299.000,"VA, E-Wallet",Jakarta Utara,Resmi
Elite Phone Store,Shopee,iPhone 13 Series,iPhone 13,128GB,,Rp3.300.000,"VA, E-Wallet",Jakarta Barat,Resmi
techlife.store,Shopee,iPhone 13 Series,iPhone 13,128GB,,Rp3.350.000,"VA, E-Wallet",Jakarta Utara,Resmi
PlanetPhonecel,Shopee,iPhone 13 Series,iPhone 13,128GB,,Rp3.394.000,"VA, E-Wallet",Jakarta Utara,Resmi
LunexStore,Shopee,iPhone 13 Series,iPhone 13,128GB,99.0,Rp3.490.000,"VA, E-Wallet",Jakarta Utara,Resmi
Golden Tiger.ID,Shopee,iPhone 13 Series,iPhone 13,64GB,,Rp4.000.000,"VA, E-Wallet",Jakarta Barat,Resmi
shop_1612492891,Shopee,iPhone 13 Series,iPhone 13,128GB,,Rp4.530.000,"VA, E-Wallet",Jakarta Utara,Inter
TiMii Resmi Store,Shopee,iPhone 13 Series,iPhone 13,128GB,,Rp4.565.000,"VA, E-Wallet",Jakarta Utara,Resmi
Kino Phone Cell,Shopee,iPhone 13 Series,iPhone 13,128GB,90.0,Rp4.649.000,"VA, E-Wallet",Jakarta Pusat,Inter
TiMii Resmi Store,Shopee,iPhone 13 Series,iPhone 13,128GB,90.0,Rp4.650.000,"VA, E-Wallet",Jakarta Utara,Resmi
Kino Phone Cell,Shopee,iPhone 13 Series,iPhone 13,128GB,90.0,Rp4.670.000,"VA, E-Wallet",Jakarta Pusat,Inter
Kino Phone Cell,Shopee,iPhone 13 Series,iPhone 13,128GB,90.0,Rp4.720.000,"VA, E-Wallet",Jakarta Pusat,Inter
Kino Phone Cell,Shopee,iPhone 13 Series,iPhone 13,128GB,90.0,Rp4.750.000,"VA, E-Wallet",Jakarta Pusat,Inter
leo iphone store,Shopee,iPhone 13 Series,iPhone 13,128GB,,Rp4.779.000,"VA, E-Wallet",Jakarta Barat,Resmi
Kiwi Phone Cell,Shopee,iPhone 13 Series,iPhone 13,128GB,,Rp4.800.000,"VA, E-Wallet",Jakarta Pusat,Resmi
benderno.1,Shopee,iPhone 13 Series,iPhone 13,128GB,,Rp4.850.000,"VA, E-Wallet",Kab. Tangerang,Resmi
Oscar Store 168,Shopee,iPhone 13 Series,iPhone 13,128GB,,Rp4.900.000,"VA, E-Wallet",Jakarta Utara,Resmi
Luna Store09,Shopee,iPhone 13 Series,iPhone 13,128GB,,Rp4.949.000,"VA, E-Wallet",Jakarta Utara,Inter
Arenaphone_,Shopee,iPhone 13 Series,iPhone 13,128GB,80.0,Rp4.950.000,"VA, E-Wallet",Tangerang,Resmi
SOHOStar,Shopee,iPhone 13 Series,iPhone 13,128GB,80.0,Rp4.950.000,"VA, E-Wallet",Tangerang,Resmi
Carneliacell,Shopee,iPhone 13 Series,iPhone 13,128GB,100.0,Rp4.950.000,"VA, E-Wallet",Tangerang,Resmi
shop_1207128718,Shopee,iPhone 13 Series,iPhone 13,128GB,,Rp4.950.000,"VA, E-Wallet",Jakarta Barat,Inter
SPTX   STORE,Shopee,iPhone 13 Series,iPhone 13,128GB,100.0,Rp4.969.000,"VA, E-Wallet",Jakarta Barat,Resmi
Kino Phone Cell,Shopee,iPhone 13 Series,iPhone 13,128GB,90.0,Rp4.970.000,"VA, E-Wallet",Jakarta Pusat,Inter
ZYPHONE,Shopee,iPhone 13 Series,iPhone 13,128GB,,Rp5.030.000,"VA, E-Wallet",Tangerang,Resmi
Digital Global,Shopee,iPhone 13 Series,iPhone 13,128GB,95.0,Rp5.065.200,"VA, E-Wallet",Tangerang Selatan,Resmi
azizstore818,Shopee,iPhone 13 Series,iPhone 13,128GB,,Rp5.100.000,"VA, E-Wallet",Jakarta Utara,Inter
AMGSTORE,Shopee,iPhone 13 Series,iPhone 13,128GB,95.0,Rp5.111.112,"VA, E-Wallet",Tangerang,Inter
Tech.id88,Shopee,iPhone 13 Series,iPhone 13,64GB,100.0,Rp5.190.000,"VA, E-Wallet",Jakarta Barat,Resmi
AMGSTORE,Shopee,iPhone 13 Series,iPhone 13,128GB,,Rp5.211.112,"VA, E-Wallet",Tangerang,Resmi
Gadget Store Cell,Shopee,iPhone 13 Series,iPhone 13,128GB,99.0,Rp5.221.200,"VA, E-Wallet",Jakarta Barat,Resmi
PS STORE PONSEL,Shopee,iPhone 13 Series,iPhone 13,128GB,,Rp5.230.000,"VA, E-Wallet",Jakarta Barat,Resmi
Queen Gadget08,Shopee,iPhone 13 Series,iPhone 13,128GB,85.0,Rp5.249.000,"VA, E-Wallet",Jakarta Utara,Inter
VOLTAPHONE,Shopee,iPhone 13 Series,iPhone 13,128GB,,Rp5.250.000,"VA, E-Wallet",Jakarta Utara,Resmi
Gadget Store Cell,Shopee,iPhone 13 Series,iPhone 13,128GB,99.0,Rp5.271.200,"VA, E-Wallet",Jakarta Barat,Resmi
ICOLORON,Shopee,iPhone 13 Series,iPhone 13,128GB,,Rp5.292.000,"VA, E-Wallet",Tangerang Selatan,Resmi
Arisa store68,Shopee,iPhone 13 Series,iPhone 13,128GB,,Rp5.350.000,"VA, E-Wallet",Jakarta Utara,Inter
Agengstore1108,Shopee,iPhone 13 Series,iPhone 13,128GB,,Rp5.380.000,"VA, E-Wallet",Jakarta Utara,Resmi
TiMii Resmi Store,Shopee,iPhone 13 Series,iPhone 13,128GB,90.0,Rp5.650.000,"VA, E-Wallet",Jakarta Utara,Resmi
shop_1541450320,Shopee,iPhone 13 Series,iPhone 13,128GB,,Rp5.720.000,"VA, E-Wallet",Jakarta Utara,Resmi
TiMii Resmi Store,Shopee,iPhone 13 Series,iPhone 13,128GB,90.0,Rp6.220.000,"VA, E-Wallet",Jakarta Utara,Resmi
shop_834265701,Shopee,iPhone 13 Series,iPhone 13 Mini,128GB,,Rp3.340.000,"VA, E-Wallet",Tangerang Selatan,Inter
shop_1610903362,Shopee,iPhone 13 Series,iPhone 13 Mini,128GB,,Rp4.515.000,"VA, E-Wallet",Jakarta Utara,Inter
TiMii Resmi Store,Shopee,iPhone 13 Series,iPhone 13 Mini,128GB,,Rp4.565.000,"VA, E-Wallet",Jakarta Utara,Resmi
JNC.CELL,Shopee,iPhone 13 Series,iPhone 13 Mini,128GB,80.0,Rp4.572.000,"VA, E-Wallet",Jakarta Barat,Resmi
shop_1101878075,Shopee,iPhone 13 Series,iPhone 13 Mini,128GB,,Rp4.620.000,"VA, E-Wallet",Jakarta Barat,Inter
i.shop33,Shopee,iPhone 13 Series,iPhone 13 Mini,128GB,90.0,Rp4.640.000,"VA, E-Wallet",Jakarta Barat,Resmi
shop_765446301,Shopee,iPhone 13 Series,iPhone 13 Mini,128GB,,Rp5.250.000,"VA, E-Wallet",Medan,Inter
novitadarlan,Shopee,iPhone 13 Series,iPhone 13 Mini,128GB,,Rp6.799.000,"VA, E-Wallet",Jakarta Selatan,Resmi
AppleAuthentic,Shopee,iPhone 13 Series,iPhone 13 Pro Max,128GB,,Rp4.235.000,"VA, E-Wallet",Jakarta Utara,Resmi
LunexStore,Shopee,iPhone 13 Series,iPhone 13 Pro Max,512GB,99.0,Rp4.275.000,"VA, E-Wallet",Jakarta Utara,Resmi
nmaarif12,Tokopedia,iPhone 11 Series,iPhone 11,128GB,,Rp1.700.000,"VA, E-Wallet",Surabaya,Resmi
AFAGADGET,Tokopedia,iPhone 11 Series,iPhone 11,64GB,,Rp3.735.000,"VA, E-Wallet",Depok,Resmi
Gudanggadget.,Tokopedia,iPhone 11 Series,iPhone 11,64GB,90.0,Rp3.819.000,"VA, E-Wallet",Tangerang Selatan,Resmi
Diga gadget,Tokopedia,iPhone 11 Series,iPhone 11,64GB,,Rp3.825.508,"VA, E-Wallet",Jakarta Timur,Resmi
Gadgetrin29,Tokopedia,iPhone 11 Series,iPhone 11,128GB,,Rp4.000.000,"VA, E-Wallet",Kab. Garut,Resmi
Panda Jaya Gadget,Tokopedia,iPhone 11 Series,iPhone 11,64GB,85.0,Rp4.299.000,"VA, E-Wallet",Tangerang Selatan,Resmi
Lucky Smartphone,Tokopedia,iPhone 11 Series,iPhone 11,64GB,,Rp4.448.000,"VA, E-Wallet",Jakarta Utara,Resmi
foxelectronicstore,Tokopedia,iPhone 11 Series,iPhone 11,64GB,100.0,Rp4.458.000,"VA, E-Wallet",Jakarta Utara,Resmi
Firefoxstore,Tokopedia,iPhone 11 Series,iPhone 11,64GB,,Rp4.468.000,"VA, E-Wallet",Jakarta Utara,Inter
zpa 168,Tokopedia,iPhone 11 Series,iPhone 11,128GB,,Rp4.500.000,"VA, E-Wallet",Kab. Tangerang,Inter
Lucky Smartphone,Tokopedia,iPhone 11 Series,iPhone 11,256GB,,Rp4.768.000,"VA, E-Wallet",Jakarta Utara,Resmi
Khanasa3109,Tokopedia,iPhone 11 Series,iPhone 11,128GB,85.0,Rp5.500.000,"VA, E-Wallet",Jakarta Timur,Resmi
Maxsense Store,Tokopedia,iPhone 11 Series,iPhone 11,64GB,86.0,Rp6.445.000,"VA, E-Wallet",Tangerang Selatan,Resmi
Ready Stoock,Tokopedia,iPhone 11 Series,iPhone 11,64GB,,Rp6.900.000,"VA, E-Wallet",Jakarta Pusat,Resmi
Ramai Phone 88,Tokopedia,iPhone 11 Series,iPhone 11 Pro,64GB,,Rp3.600.000,"VA, E-Wallet",Jakarta Utara,Resmi
Riau Berry,Tokopedia,iPhone 11 Series,iPhone 11 Pro,64GB,,Rp3.670.000,"VA, E-Wallet",Jakarta Barat,Resmi
Riau Berry,Tokopedia,iPhone 11 Series,iPhone 11 Pro,64GB,,Rp4.020.000,"VA, E-Wallet",Jakarta Barat,Resmi
RA GADGET BALI,Tokopedia,iPhone 11 Series,iPhone 11 Pro,64GB,,Rp4.050.000,"VA, E-Wallet",Denpasar,Resmi
QQ store168,Tokopedia,iPhone 11 Series,iPhone 11 Pro,64GB,,Rp4.250.000,"VA, E-Wallet",Jakarta Barat,Resmi
NetStore168,Tokopedia,iPhone 11 Series,iPhone 11 Pro,64GB,95.0,Rp4.250.000,"VA, E-Wallet",Kab. Tangerang,Resmi
OD MOBILE GADGET,Tokopedia,iPhone 11 Series,iPhone 11 Pro,128GB,,Rp4.300.000,"VA, E-Wallet",Malang,Resmi
Cahaya Handphone,Tokopedia,iPhone 11 Series,iPhone 11 Pro,256GB,100.0,Rp4.330.000,"VA, E-Wallet",Jakarta Barat,Resmi
Bluelaky Store,Tokopedia,iPhone 11 Series,iPhone 11 Pro,64GB,,Rp4.418.000,"VA, E-Wallet",Jakarta Utara,Inter
Cyrus Cell BEC,Tokopedia,iPhone 11 Series,iPhone 11 Pro,64GB,85.0,Rp4.489.000,"VA, E-Wallet",Bandung,Resmi
Nayaoutfit_NEW,Tokopedia,iPhone 11 Series,iPhone 11 Pro,64GB,,Rp4.500.000,"VA, E-Wallet",Kab. Bogor,Inter
Gudanggadget.,Tokopedia,iPhone 11 Series,iPhone 11 Pro,64GB,90.0,Rp4.580.000,"VA, E-Wallet",Tangerang Selatan,Resmi
Maxsense Store,Tokopedia,iPhone 11 Series,iPhone 11 Pro,64GB,86.0,Rp4.580.000,"VA, E-Wallet",Tangerang Selatan,Resmi
DIGICELL,Tokopedia,iPhone 11 Series,iPhone 11 Pro,256GB,90.0,Rp4.672.000,"VA, E-Wallet",Bandung,Resmi
Mughniphone,Tokopedia,iPhone 11 Series,iPhone 11 Pro,256GB,,Rp4.700.000,"VA, E-Wallet",Jakarta,Resmi
Jordan Corner Store,Tokopedia,iPhone 11 Series,iPhone 11 Pro,64GB,,Rp4.877.000,"VA, E-Wallet",Kab. Sleman,Resmi
Panda Jaya Gadget,Tokopedia,iPhone 11 Series,iPhone 11 Pro,64GB,85.0,Rp4.899.000,"VA, E-Wallet",Tangerang Selatan,Resmi
Mahershala,Tokopedia,iPhone 11 Series,iPhone 11 Pro,256GB,,Rp5.000.000,"VA, E-Wallet",Surabaya,Resmi
Phone shop1,Tokopedia,iPhone 11 Series,iPhone 11 Pro,128GB,,Rp5.000.000,"VA, E-Wallet",Kab. Sumedang,Resmi
BUY TO SELL,Tokopedia,iPhone 11 Series,iPhone 11 Pro,64GB,,Rp5.000.000,"VA, E-Wallet",Tangerang,Resmi
QQ store168,Tokopedia,iPhone 11 Series,iPhone 11 Pro,64GB,,Rp5.300.000,"VA, E-Wallet",Jakarta Barat,Resmi
Dzakiyahstoreofficial,Tokopedia,iPhone 11 Series,iPhone 11 Pro,128GB,,Rp5.353.425,"VA, E-Wallet",Jakarta,Resmi
RA GADGET BALI,Tokopedia,iPhone 11 Series,iPhone 11 Pro,256GB,,Rp5.600.000,"VA, E-Wallet",Denpasar,Resmi
Gadgetonofficial,Tokopedia,iPhone 11 Series,iPhone 11 Pro,128GB,,Rp5.750.000,"VA, E-Wallet",Jakarta,Resmi
Flickercell,Tokopedia,iPhone 11 Series,iPhone 11 Pro,128GB,,Rp5.750.000,"VA, E-Wallet",Bandung,Resmi
XiaXia Cellular,Tokopedia,iPhone 11 Series,iPhone 11 Pro,128GB,85.0,Rp5.850.000,"VA, E-Wallet",Jakarta Barat,Resmi
infinitymobile_NEW,Tokopedia,iPhone 11 Series,iPhone 11 Pro,64GB,,Rp6.299.000,"VA, E-Wallet",Bandung,Inter
Mobile Phone Shop BEC,Tokopedia,iPhone 11 Series,iPhone 11 Pro,256GB,,Rp6.404.000,"VA, E-Wallet",Bandung,Resmi
Kusam Skater,Tokopedia,iPhone 11 Series,iPhone 11 Pro,256GB,,Rp6.899.000,"VA, E-Wallet",Kab. Jepara,Resmi
Glints cell Store,Tokopedia,iPhone 11 Series,iPhone 11 Pro,64GB,85.0,Rp7.453.950,"VA, E-Wallet",Kab. Sidoarjo,Resmi
Wonderland Store,Tokopedia,iPhone 11 Series,iPhone 11 Pro,64GB,,Rp8.000.000,"VA, E-Wallet",Surabaya,Resmi
iLord,Tokopedia,iPhone 11 Series,iPhone 11 Pro,128GB,,Rp8.750.000,"VA, E-Wallet",Bandung,Resmi
Wonderland Store,Tokopedia,iPhone 11 Series,iPhone 11 Pro,256GB,,Rp9.000.000,"VA, E-Wallet",Surabaya,Resmi
Wonderland Store,Tokopedia,iPhone 11 Series,iPhone 11 Pro,512GB,,Rp10.000.000,"VA, E-Wallet",Surabaya,Resmi
lacco id,Tokopedia,iPhone 11 Series,iPhone 11 Pro Max,128GB,,Rp229.000,"VA, E-Wallet",Kab. Manokwari,Resmi
Rjstorepekanbaru,Tokopedia,iPhone 11 Series,iPhone 11 Pro Max,256GB,,Rp1.250.000,"VA, E-Wallet",Jakarta,Resmi
Maxsense Store,Tokopedia,iPhone 11 Series,iPhone 11 Pro Max,64GB,86.0,Rp3.449.000,"VA, E-Wallet",Tangerang Selatan,Resmi
Kamajaya Komunika,Tokopedia,iPhone 11 Series,iPhone 11 Pro Max,256GB,,Rp3.750.000,"VA, E-Wallet",Kab. Garut,Inter
MACBIN,Tokopedia,iPhone 11 Series,iPhone 11 Pro Max,64GB,86.0,Rp3.819.000,"VA, E-Wallet",Tangerang Selatan,Resmi
Ramai Phone 88,Tokopedia,iPhone 11 Series,iPhone 11 Pro Max,64GB,,Rp3.900.000,"VA, E-Wallet",Jakarta Utara,Resmi
Riau Berry,Tokopedia,iPhone 11 Series,iPhone 11 Pro Max,64GB,,Rp4.000.000,"VA, E-Wallet",Jakarta Barat,Resmi
RBT ONLINE STORE1,Tokopedia,iPhone 11 Series,iPhone 11 Pro Max,64GB,,Rp4.000.000,"VA, E-Wallet",Jakarta Barat,Resmi
QQ store168,Tokopedia,iPhone 11 Series,iPhone 11 Pro Max,64GB,,Rp4.700.000,"VA, E-Wallet",Jakarta Barat,Resmi
RA GADGET BALI,Tokopedia,iPhone 11 Series,iPhone 11 Pro Max,64GB,,Rp4.700.000,"VA, E-Wallet",Denpasar,Resmi
Boboystore889 Shop,Tokopedia,iPhone 11 Series,iPhone 11 Pro Max,256GB,90.0,Rp5.000.000,"VA, E-Wallet",Jakarta Barat,Resmi
sun mobile store,Tokopedia,iPhone 11 Series,iPhone 11 Pro Max,128GB,90.0,Rp5.050.000,"VA, E-Wallet",Jakarta Barat,Resmi
Ibgadgetstore,Tokopedia,iPhone 11 Series,iPhone 11 Pro Max,128GB,,Rp5.150.000,"VA, E-Wallet",Semarang,Resmi
RezzioShopp,Tokopedia,iPhone 11 Series,iPhone 11 Pro Max,512GB,,Rp5.231.000,"VA, E-Wallet",Jakarta Utara,Inter
Toserba Subki Amanah,Tokopedia,iPhone 11 Series,iPhone 11 Pro Max,128GB,,Rp5.497.600,"COD, VA, E-Wallet",Jakarta Pusat,Resmi
@RIZKIALFARIZICELLL,Tokopedia,iPhone 11 Series,iPhone 11 Pro Max,64GB,78.0,Rp5.500.000,"VA, E-Wallet",Bogor,Resmi
Mobile Phone Shop BEC,Tokopedia,iPhone 11 Series,iPhone 11 Pro Max,512GB,,Rp5.669.000,"VA, E-Wallet",Bandung,Resmi
Laris Berkah Gadget,Tokopedia,iPhone 11 Series,iPhone 11 Pro Max,64GB,,Rp5.700.000,"COD, VA, E-Wallet",Jakarta Selatan,Resmi
KINGSTORE.Bandung,Tokopedia,iPhone 11 Series,iPhone 11 Pro Max,256GB,,Rp5.749.000,"COD, VA, E-Wallet",Bandung,Resmi
BetterSecondCell,Tokopedia,iPhone 11 Series,iPhone 11 Pro Max,64GB,,Rp5.799.000,"COD, VA, E-Wallet",Denpasar,Resmi
OD MOBILE GADGET,Tokopedia,iPhone 11 Series,iPhone 11 Pro Max,512GB,,Rp5.830.000,"VA, E-Wallet",Malang,Resmi
appleboxstore,Tokopedia,iPhone 11 Series,iPhone 11 Pro Max,256GB,,Rp5.900.000,"VA, E-Wallet",Kab. Sleman,Resmi
Good Ponsel,Tokopedia,iPhone 11 Series,iPhone 11 Pro Max,64GB,,Rp6.099.000,"VA, E-Wallet",Kab. Gianyar,Resmi
Flickercell,Tokopedia,iPhone 11 Series,iPhone 11 Pro Max,128GB,,Rp6.100.000,"VA, E-Wallet",Bandung,Resmi
Cyrus Cell BEC,Tokopedia,iPhone 11 Series,iPhone 11 Pro Max,64GB,85.0,Rp6.165.000,"VA, E-Wallet",Bandung,Resmi
QQ store168,Tokopedia,iPhone 11 Series,iPhone 11 Pro Max,64GB,,Rp6.200.000,"VA, E-Wallet",Jakarta Barat,Resmi
Maxsense Store,Tokopedia,iPhone 11 Series,iPhone 11 Pro Max,64GB,86.0,Rp6.655.000,"VA, E-Wallet",Tangerang Selatan,Resmi
SDK COLLETION,Tokopedia,iPhone 11 Series,iPhone 11 Pro Max,256GB,,Rp6.850.000,"VA, E-Wallet",Bekasi,Resmi
Gyurashop,Tokopedia,iPhone 11 Series,iPhone 11 Pro Max,256GB,,Rp7.050.000,"COD, VA, E-Wallet",Kab. Purwakarta,Resmi
Gadget Pin Store,Tokopedia,iPhone 11 Series,iPhone 11 Pro Max,256GB,,Rp7.249.000,"COD, VA, E-Wallet",Jakarta,Resmi
Timephone,Tokopedia,iPhone 11 Series,iPhone 11 Pro Max,128GB,,Rp7.500.000,"COD, VA, E-Wallet",Jakarta,Resmi
Bravo cell store,Tokopedia,iPhone 11 Series,iPhone 11 Pro Max,128GB,,Rp7.800.000,"COD, VA, E-Wallet",Palembang,Resmi
Wonderland Store,Tokopedia,iPhone 11 Series,iPhone 11 Pro Max,64GB,,Rp8.000.000,"VA, E-Wallet",Surabaya,Resmi
Tech Island,Tokopedia,iPhone 11 Series,iPhone 11 Pro Max,512GB,,Rp9.000.000,"VA, E-Wallet",Malang,Inter
Kedaimersa10,Tokopedia,iPhone 11 Series,iPhone 11 Pro Max,64GB,,Rp9.499.000,"VA, E-Wallet",Jakarta,Inter
Wonderland Store,Tokopedia,iPhone 11 Series,iPhone 11 Pro Max,256GB,,Rp9.945.000,"VA, E-Wallet",Surabaya,Inter
Wonderland Store,Tokopedia,iPhone 11 Series,iPhone 11 Pro Max,512GB,,Rp9.975.000,"VA, E-Wallet",Surabaya,Inter
Ramai Phone 88,Tokopedia,iPhone 12 Series,iPhone 12,64GB,,Rp3.300.000,"VA, E-Wallet",Jakarta Utara,Resmi
Randy.21,Tokopedia,iPhone 12 Series,iPhone 12,128GB,,Rp3.500.000,"VA, E-Wallet",Kab. Sukabumi,Resmi
NetStore168,Tokopedia,iPhone 12 Series,iPhone 12,64GB,95.0,Rp3.700.000,"VA, E-Wallet",Kab. Tangerang,Resmi
Riau Berry,Tokopedia,iPhone 12 Series,iPhone 12,64GB,,Rp3.800.000,"VA, E-Wallet",Jakarta Barat,Resmi
RA GADGET BALI,Tokopedia,iPhone 12 Series,iPhone 12,64GB,,Rp3.900.000,"VA, E-Wallet",Denpasar,Resmi
zpa 168,Tokopedia,iPhone 12 Series,iPhone 12,128GB,,Rp3.900.000,"VA, E-Wallet",Kab. Tangerang,Resmi
I Concept,Tokopedia,iPhone 12 Series,iPhone 12,128GB,,Rp3.900.000,"VA, E-Wallet",Jakarta,Inter
Wostoreofficiall,Tokopedia,iPhone 12 Series,iPhone 12,128GB,80.0,Rp3.924.000,"VA, E-Wallet",Jakarta,Resmi
Boboystore889 Shop,Tokopedia,iPhone 12 Series,iPhone 12,64GB,90.0,Rp4.000.000,"VA, E-Wallet",Jakarta Barat,Resmi
MINIONGADGET,Tokopedia,iPhone 12 Series,iPhone 12,64GB,85.0,Rp4.050.000,"VA, E-Wallet",Jakarta Barat,Resmi
AFAGADGET,Tokopedia,iPhone 12 Series,iPhone 12,64GB,,Rp4.095.000,"VA, E-Wallet",Depok,Resmi
Great Apple,Tokopedia,iPhone 12 Series,iPhone 12,64GB,80.0,Rp4.125.000,"VA, E-Wallet",Depok,Resmi
RA GADGET BALI,Tokopedia,iPhone 12 Series,iPhone 12,128GB,,Rp4.379.000,"VA, E-Wallet",Denpasar,Resmi
PACIFIC GADGET PERINTIS,Tokopedia,iPhone 12 Series,iPhone 12,128GB,,Rp4.482.000,"VA, E-Wallet",Makassar,Resmi
Bandariphonesby,Tokopedia,iPhone 12 Series,iPhone 12,64GB,,Rp4.565.000,"VA, E-Wallet",Surabaya,Resmi
Cyrus Cell BEC,Tokopedia,iPhone 12 Series,iPhone 12,64GB,85.0,Rp4.596.000,"VA, E-Wallet",Bandung,Resmi
Jordan Corner Store,Tokopedia,iPhone 12 Series,iPhone 12,64GB,,Rp4.615.000,"VA, E-Wallet",Kab. Sleman,Resmi
QQ store168,Tokopedia,iPhone 12 Series,iPhone 12,64GB,,Rp4.650.000,"VA, E-Wallet",Jakarta Barat,Resmi
Mobile Phone Shop BEC,Tokopedia,iPhone 12 Series,iPhone 12,256GB,,Rp4.724.000,"VA, E-Wallet",Bandung,Resmi
DIGICELL,Tokopedia,iPhone 12 Series,iPhone 12,256GB,95.0,Rp4.724.000,"VA, E-Wallet",Bandung,Resmi
Diga gadget,Tokopedia,iPhone 12 Series,iPhone 12,64GB,,Rp4.725.508,"VA, E-Wallet",Jakarta Timur,Resmi
Panda Jaya Gadget,Tokopedia,iPhone 12 Series,iPhone 12,64GB,80.0,Rp4.899.000,"VA, E-Wallet",Tangerang Selatan,Resmi
DIGICELL,Tokopedia,iPhone 12 Series,iPhone 12,256GB,90.0,Rp4.929.000,"VA, E-Wallet",Bandung,Resmi
Tanjung gholfish,Tokopedia,iPhone 12 Series,iPhone 12,128GB,,Rp5.000.000,"VA, E-Wallet",Kab. Sumedang,Resmi
QQ store168,Tokopedia,iPhone 12 Series,iPhone 12,64GB,,Rp5.150.000,"VA, E-Wallet",Jakarta Barat,Resmi
Boboystore889 Shop,Tokopedia,iPhone 12 Series,iPhone 12,64GB,90.0,Rp5.200.000,"VA, E-Wallet",Jakarta Barat,Resmi
Dzakiyahstoreofficial,Tokopedia,iPhone 12 Series,iPhone 12,128GB,,Rp5.353.425,"VA, E-Wallet",Jakarta,Resmi
IMART STORE,Tokopedia,iPhone 12 Series,iPhone 12,64GB,,Rp5.443.000,"VA, E-Wallet",Medan,Resmi
UNYL-,Tokopedia,iPhone 12 Series,iPhone 12,128GB,,Rp5.499.000,"VA, E-Wallet",Bandung,Resmi
Galaxy Gadget Store_NEW,Tokopedia,iPhone 12 Series,iPhone 12,128GB,,Rp5.620.000,"VA, E-Wallet",Bekasi,Resmi
Gadget68,Tokopedia,iPhone 12 Series,iPhone 12,128GB,,Rp5.700.000,"VA, E-Wallet",Bekasi,Resmi
Wonderland Store,Tokopedia,iPhone 12 Series,iPhone 12,64GB,,Rp7.000.000,"VA, E-Wallet",Malang,Resmi
VL86 store,Tokopedia,iPhone 12 Series,iPhone 12,256GB,,Rp10.000.000,"VA, E-Wallet",Kab. Sukabumi,Inter
nmaarif12,Tokopedia,iPhone 12 Series,iPhone 12,128GB,,Rp10.700.000,"VA, E-Wallet",Surabaya,Resmi
Serba-serbi i,Tokopedia,iPhone 12 Series,iPhone 12 Mini,128GB,,Rp2.000.000,"VA, E-Wallet",Kab. Kendal,Inter
86 Gear,Tokopedia,iPhone 12 Series,iPhone 12 Mini,64GB,,Rp3.000.000,"VA, E-Wallet",Kab. Sleman,Resmi
Abah Apple Official,Tokopedia,iPhone 12 Series,iPhone 12 Mini,64GB,,Rp3.180.000,"VA, E-Wallet",Jakarta,Inter
AOSHOPPP,Tokopedia,iPhone 12 Series,iPhone 12 Mini,128GB,90.0,Rp3.450.000,"VA, E-Wallet",Jakarta Utara,Resmi
Mihribnfsstore,Tokopedia,iPhone 12 Series,iPhone 12 Mini,128GB,,Rp3.500.000,"VA, E-Wallet",Jakarta,Resmi
Boboystore889 Shop,Tokopedia,iPhone 12 Series,iPhone 12 Mini,64GB,90.0,Rp3.700.000,"VA, E-Wallet",Jakarta Barat,Resmi
Mobile Phone Shop BEC,Tokopedia,iPhone 12 Series,iPhone 12 Mini,256GB,,Rp4.304.000,"VA, E-Wallet",Bandung,Resmi
Gadget68,Tokopedia,iPhone 12 Series,iPhone 12 Mini,256GB,,Rp4.515.000,"VA, E-Wallet",Bekasi,Resmi
QQ store168,Tokopedia,iPhone 12 Series,iPhone 12 Mini,64GB,,Rp4.550.000,"VA, E-Wallet",Jakarta Barat,Resmi
Gadget68,Tokopedia,iPhone 12 Series,iPhone 12 Mini,128GB,,Rp4.909.000,"VA, E-Wallet",Bekasi,Resmi
RA GADGET BALI,Tokopedia,iPhone 12 Series,iPhone 12 Mini,64GB,,Rp5.000.000,"VA, E-Wallet",Denpasar,Resmi
Digitech store_NEW,Tokopedia,iPhone 12 Series,iPhone 12 Mini,64GB,,Rp5.000.000,"VA, E-Wallet",Tangerang,Inter
DIGICELL,Tokopedia,iPhone 12 Series,iPhone 12 Mini,256GB,90.0,Rp5.275.000,"VA, E-Wallet",Bandung,Resmi
Kfistore Surakarta,Tokopedia,iPhone 12 Series,iPhone 12 Mini,128GB,,Rp5.400.000,"VA, E-Wallet",Jakarta,Resmi
alikacelluler,Tokopedia,iPhone 12 Series,iPhone 12 Mini,128GB,83.0,Rp5.950.000,"VA, E-Wallet",Jakarta Selatan,Resmi
Bung zaL,Tokopedia,iPhone 12 Series,iPhone 12 Mini,128GB,,Rp5.999.000,"COD, VA, E-Wallet",Jakarta Selatan,Resmi
ADELIO.STOREE,Tokopedia,iPhone 12 Series,iPhone 12 Mini,64GB,,Rp6.400.000,"VA, E-Wallet",Kab. Sukoharjo,Resmi
Wonderland Store,Tokopedia,iPhone 12 Series,iPhone 12 Mini,64GB,,Rp8.500.000,"VA, E-Wallet",Surabaya,Resmi
Autoyaya,Tokopedia,iPhone 12 Series,iPhone 12 Pro,256GB,,Rp4.000.000,"VA, E-Wallet",Jakarta,Resmi
MitaMilka,Tokopedia,iPhone 12 Series,iPhone 12 Pro,256GB,93.0,Rp4.610.000,"VA, E-Wallet",Semarang,Inter
Panda Jaya Gadget,Tokopedia,iPhone 12 Series,iPhone 12 Pro,128GB,85.0,Rp4.899.000,"VA, E-Wallet",Tangerang Selatan,Resmi
Riau Berry,Tokopedia,iPhone 12 Series,iPhone 12 Pro,128GB,,Rp4.970.000,"VA, E-Wallet",Jakarta Barat,Resmi
Ramai Phone 88,Tokopedia,iPhone 12 Series,iPhone 12 Pro,128GB,,Rp5.100.000,"VA, E-Wallet",Jakarta Utara,Resmi
Mamahe chakimo,Tokopedia,iPhone 12 Series,iPhone 12 Pro,256GB,79.0,Rp5.109.000,"VA, E-Wallet",Kab. Bogor,Resmi
Gadget68,Tokopedia,iPhone 12 Series,iPhone 12 Pro,128GB,80.0,Rp5.145.000,"VA, E-Wallet",Bekasi,Resmi
NetStore168,Tokopedia,iPhone 12 Series,iPhone 12 Pro,128GB,95.0,Rp5.200.000,"VA, E-Wallet",Kab. Tangerang,Resmi
NERDBOSS GADGET,Tokopedia,iPhone 12 Series,iPhone 12 Pro,128GB,90.0,Rp5.200.000,"VA, E-Wallet",Jakarta Utara,Resmi
082170800404,Tokopedia,iPhone 12 Series,iPhone 12 Pro,128GB,90.0,Rp5.400.000,"VA, E-Wallet",Jakarta,Inter
ONE SHOP MOBILE BEC,Tokopedia,iPhone 12 Series,iPhone 12 Pro,128GB,,Rp5.500.000,"VA, E-Wallet",Bandung,Resmi
RA GADGET BALI,Tokopedia,iPhone 12 Series,iPhone 12 Pro,128GB,,Rp5.550.000,"VA, E-Wallet",Denpasar,Resmi
Maxsense Store,Tokopedia,iPhone 12 Series,iPhone 12 Pro,128GB,90.0,Rp5.599.000,"VA, E-Wallet",Tangerang Selatan,Resmi
Dr phonee,Tokopedia,iPhone 12 Series,iPhone 12 Pro,128GB,,Rp5.600.000,"VA, E-Wallet",Kab. Malang,Resmi
Bi Gadget Sulawesi,Tokopedia,iPhone 12 Series,iPhone 12 Pro,128GB,90.0,Rp5.699.000,"VA, E-Wallet",Makassar,Resmi
sun mobile store,Tokopedia,iPhone 12 Series,iPhone 12 Pro,128GB,90.0,Rp5.700.000,"VA, E-Wallet",Jakarta Barat,Resmi
XiaXia Cellular,Tokopedia,iPhone 12 Series,iPhone 12 Pro,128GB,85.0,Rp5.700.000,"VA, E-Wallet",Jakarta Barat,Resmi
Great Apple,Tokopedia,iPhone 12 Series,iPhone 12 Pro,128GB,80.0,Rp5.750.000,"VA, E-Wallet",Depok,Resmi
iZona ID,Tokopedia,iPhone 12 Series,iPhone 12 Pro,128GB,85.0,Rp6.000.000,"VA, E-Wallet",Bandung,Resmi
Mobile Phone Shop BEC,Tokopedia,iPhone 12 Series,iPhone 12 Pro,256GB,,Rp6.037.000,"VA, E-Wallet",Bandung,Resmi
DIGICELL,Tokopedia,iPhone 12 Series,iPhone 12 Pro,512GB,90.0,Rp6.037.000,"VA, E-Wallet",Bandung,Resmi
Jordan Corner Store,Tokopedia,iPhone 12 Series,iPhone 12 Pro,128GB,,Rp6.137.000,"VA, E-Wallet",Kab. Sleman,Resmi
PACIFIC GADGET PERINTIS,Tokopedia,iPhone 12 Series,iPhone 12 Pro,128GB,,Rp6.195.000,"VA, E-Wallet",Makassar,Resmi
JV STORE GARUT,Tokopedia,iPhone 12 Series,iPhone 12 Pro,128GB,90.0,Rp6.200.000,"VA, E-Wallet",Jakarta Utara,Inter
OD MOBILE GADGET,Tokopedia,iPhone 12 Series,iPhone 12 Pro,128GB,,Rp6.250.000,"VA, E-Wallet",Malang,Resmi
BetterSecondCell,Tokopedia,iPhone 12 Series,iPhone 12 Pro,128GB,,Rp6.499.000,"VA, E-Wallet",Denpasar,Resmi
Javastoresda,Tokopedia,iPhone 12 Series,iPhone 12 Pro,128GB,85.0,Rp6.634.000,"VA, E-Wallet",Kab. Sidoarjo,Resmi
zpa 168,Tokopedia,iPhone 12 Series,iPhone 12 Pro,128GB,,Rp6.700.000,"VA, E-Wallet",Kab. Tangerang,Resmi
Cyrus Cell BEC,Tokopedia,iPhone 12 Series,iPhone 12 Pro,128GB,85.0,Rp6.759.000,"VA, E-Wallet",Bandung,Resmi
IMART STORE,Tokopedia,iPhone 12 Series,iPhone 12 Pro,128GB,,Rp6.893.000,"VA, E-Wallet",Medan,Resmi
MK Cellular Medan,Tokopedia,iPhone 12 Series,iPhone 12 Pro,128GB,,Rp6.966.000,"VA, E-Wallet",Kab. Deli Serdang,Resmi
Panda Jaya Gadget,Tokopedia,iPhone 12 Series,iPhone 12 Pro,128GB,85.0,Rp7.829.000,"VA, E-Wallet",Tangerang Selatan,Resmi
mommyriyel,Tokopedia,iPhone 12 Series,iPhone 12 Pro,256GB,,Rp8.300.000,"VA, E-Wallet",Kab. Tangerang,Resmi
Wonderland Store,Tokopedia,iPhone 12 Series,iPhone 12 Pro,128GB,,Rp9.200.000,"VA, E-Wallet",Malang,Resmi
prelovedbrandedkusidoarjo,Tokopedia,iPhone 12 Series,iPhone 12 Pro Max,128GB,,Rp1.650.000,"VA, E-Wallet",Kab. Sidoarjo,Resmi
waroengponsel_NEW,Tokopedia,iPhone 12 Series,iPhone 12 Pro Max,256GB,,Rp5.000.000,"VA, E-Wallet",Bekasi,Inter
MACBIN,Tokopedia,iPhone 12 Series,iPhone 12 Pro Max,128GB,90.0,Rp5.599.000,"VA, E-Wallet",Tangerang Selatan,Resmi
RA GADGET BALI,Tokopedia,iPhone 12 Series,iPhone 12 Pro Max,256GB,,Rp6.200.000,"VA, E-Wallet",Denpasar,Resmi
Mobile Phone Shop BEC,Tokopedia,iPhone 12 Series,iPhone 12 Pro Max,512GB,,Rp6.719.000,"VA, E-Wallet",Bandung,Resmi
QQ store168,Tokopedia,iPhone 12 Series,iPhone 12 Pro Max,256GB,,Rp6.900.000,"VA, E-Wallet",Jakarta Barat,Resmi
Ar Gadget Store_NEW,Tokopedia,iPhone 12 Series,iPhone 12 Pro Max,128GB,,Rp7.000.000,"VA, E-Wallet",Bandung,Inter
RAIA PHONE CELLULER,Tokopedia,iPhone 12 Series,iPhone 12 Pro Max,128GB,86.0,Rp7.000.000,"VA, E-Wallet",Bandung,Resmi
Cyrus Cell BEC,Tokopedia,iPhone 12 Series,iPhone 12 Pro Max,128GB,85.0,Rp7.190.000,"VA, E-Wallet",Bandung,Resmi
Maxsense Store,Tokopedia,iPhone 12 Series,iPhone 12 Pro Max,128GB,90.0,Rp7.499.000,"VA, E-Wallet",Tangerang Selatan,Resmi
Boboystore889 Shop,Tokopedia,iPhone 12 Series,iPhone 12 Pro Max,128GB,90.0,Rp7.700.000,"VA, E-Wallet",Jakarta Barat,Resmi
Hei Phone Store,Tokopedia,iPhone 12 Series,iPhone 12 Pro Max,256GB,,Rp8.200.000,"COD, VA, E-Wallet",Kab. Purworejo,Resmi
Gudanggadget.,Tokopedia,iPhone 12 Series,iPhone 12 Pro Max,128GB,90.0,Rp8.519.000,"VA, E-Wallet",Tangerang Selatan,Resmi
Riau Berry,Tokopedia,iPhone 12 Series,iPhone 12 Pro Max,128GB,,Rp8.800.000,"VA, E-Wallet",Jakarta Barat,Resmi
Mayang’s Cellular,Tokopedia,iPhone 12 Series,iPhone 12 Pro Max,128GB,84.0,Rp8.999.000,"VA, E-Wallet",Jakarta Selatan,Resmi
Kitar ID,Tokopedia,iPhone 12 Series,iPhone 12 Pro Max,128GB,,Rp9.799.000,"VA, E-Wallet",Jakarta Selatan,Resmi
Wonderland Store,Tokopedia,iPhone 12 Series,iPhone 12 Pro Max,128GB,,Rp9.999.000,"VA, E-Wallet",Surabaya,Resmi
Toko Kelapa Jaya,Tokopedia,iPhone 12 Series,iPhone 12 Pro Max,256GB,,Rp10.200.000,"VA, E-Wallet",Kab. Jombang,Resmi
sun mobile store,Tokopedia,iPhone 12 Series,iPhone 12 Pro Max,128GB,90.0,Rp10.850.000,"VA, E-Wallet",Jakarta Barat,Resmi
MACBIN,Tokopedia,iPhone 12 Series,iPhone 12 Pro Max,128GB,88.0,Rp10.915.000,"VA, E-Wallet",Tangerang Selatan,Resmi
"BEN,s store",Tokopedia,iPhone 12 Series,iPhone 12 Pro Max,128GB,,Rp12.500.000,"VA, E-Wallet",Bogor,Resmi
jaarvis.phone,Tokopedia,iPhone 13 Series,iPhone 13,128GB,,Rp700.000,"VA, E-Wallet",Kab. Sidoarjo,Resmi
rrship1,Tokopedia,iPhone 13 Series,iPhone 13,128GB,,Rp998.000,"VA, E-Wallet",Bekasi,Resmi
2nd Shop_NEW,Tokopedia,iPhone 13 Series,iPhone 13,128GB,,Rp1.990.000,"VA, E-Wallet",Kab. Bogor,Inter
Rodadealoto,Tokopedia,iPhone 13 Series,iPhone 13,128GB,,Rp2.100.000,"VA, E-Wallet",Jakarta,Inter
N-one Digital hp,Tokopedia,iPhone 13 Series,iPhone 13,128GB,,Rp3.499.000,"VA, E-Wallet",Jakarta Utara,Resmi
SediaMakmurStore,Tokopedia,iPhone 13 Series,iPhone 13,128GB,,Rp4.299.000,"VA, E-Wallet",Kab. Magelang,Resmi
AFAGADGET,Tokopedia,iPhone 13 Series,iPhone 13,128GB,,Rp4.850.000,"VA, E-Wallet",Depok,Resmi
Glenngadget,Tokopedia,iPhone 13 Series,iPhone 13,128GB,,Rp5.000.000,"VA, E-Wallet",Jakarta,Resmi
082170800404,Tokopedia,iPhone 13 Series,iPhone 13,128GB,90.0,Rp5.000.000,"VA, E-Wallet",Jakarta,Inter
Isi.hati,Tokopedia,iPhone 13 Series,iPhone 13,128GB,,Rp5.000.000,"VA, E-Wallet",Jakarta Selatan,Resmi
NEEDSHOOP1,Tokopedia,iPhone 13 Series,iPhone 13,128GB,,Rp5.000.000,"VA, E-Wallet",Kab. Sumedang,Resmi
BUY TO SELL,Tokopedia,iPhone 13 Series,iPhone 13,128GB,,Rp5.000.000,"VA, E-Wallet",Tangerang,Inter
Denos Metro,Tokopedia,iPhone 13 Series,iPhone 13,256GB,,Rp5.000.000,"VA, E-Wallet",Kab. Bandung,Inter
RBT ONLINE STORE1,Tokopedia,iPhone 13 Series,iPhone 13,128GB,,Rp5.300.000,"VA, E-Wallet",Jakarta Barat,Resmi
Glenngadget,Tokopedia,iPhone 13 Series,iPhone 13,256GB,,Rp5.400.000,"VA, E-Wallet",Jakarta,Inter
Boboystore889 Shop,Tokopedia,iPhone 13 Series,iPhone 13,128GB,90.0,Rp5.550.000,"VA, E-Wallet",Jakarta Barat,Resmi
Maxsense Store,Tokopedia,iPhone 13 Series,iPhone 13,64GB,90.0,Rp5.599.000,"VA, E-Wallet",Tangerang Selatan,Resmi
DRMgstore_NEW,Tokopedia,iPhone 13 Series,iPhone 13,128GB,,Rp5.725.508,"VA, E-Wallet",Jakarta Timur,Resmi
Diga gadget,Tokopedia,iPhone 13 Series,iPhone 13,128GB,,Rp5.725.508,"VA, E-Wallet",Jakarta Timur,Resmi
RARIRA 12,Tokopedia,iPhone 13 Series,iPhone 13,128GB,92.0,Rp5.790.000,"VA, E-Wallet",Depok,Resmi
Riau Berry,Tokopedia,iPhone 13 Series,iPhone 13,128GB,,Rp5.800.000,"VA, E-Wallet",Jakarta Barat,Resmi
Bandariphonesby,Tokopedia,iPhone 13 Series,iPhone 13,128GB,,Rp5.885.000,"VA, E-Wallet",Surabaya,Resmi
DIGICELL,Tokopedia,iPhone 13 Series,iPhone 13,512GB,90.0,Rp6.142.000,"VA, E-Wallet",Bandung,Resmi
Jordan Corner Store,Tokopedia,iPhone 13 Series,iPhone 13,128GB,,Rp6.505.000,"VA, E-Wallet",Kab. Sleman,Resmi
Cyrus Cell BEC,Tokopedia,iPhone 13 Series,iPhone 13,128GB,85.0,Rp6.920.000,"VA, E-Wallet",Bandung,Resmi
Boboystore889 Shop,Tokopedia,iPhone 13 Series,iPhone 13,128GB,90.0,Rp7.000.000,"VA, E-Wallet",Jakarta Barat,Resmi
Yudeyyy Gadgets,Tokopedia,iPhone 13 Series,iPhone 13,128GB,90.0,Rp7.200.000,"VA, E-Wallet",Jakarta Barat,Resmi
Mobile Phone Shop BEC,Tokopedia,iPhone 13 Series,iPhone 13,256GB,,Rp7.350.000,"VA, E-Wallet",Bandung,Resmi
Dzakiyahstoreofficial,Tokopedia,iPhone 13 Series,iPhone 13,128GB,,Rp7.392.825,"VA, E-Wallet",Jakarta,Resmi
Maxsense Store,Tokopedia,iPhone 13 Series,iPhone 13,64GB,90.0,Rp7.899.000,"VA, E-Wallet",Tangerang Selatan,Resmi
Maxsense Store,Tokopedia,iPhone 13 Series,iPhone 13,128GB,90.0,Rp7.899.000,"VA, E-Wallet",Tangerang Selatan,Resmi
Thrash Cellular,Tokopedia,iPhone 13 Series,iPhone 13,128GB,,Rp8.750.000,"VA, E-Wallet",Bandung,Resmi
2nd Shop_NEW,Tokopedia,iPhone 13 Series,iPhone 13,128GB,,Rp17.000.000,"VA, E-Wallet",Kab. Bogor,Inter
Rosestore665,Tokopedia,iPhone 13 Series,iPhone 13 Mini,128GB,,Rp1.700.000,"COD, VA, E-Wallet",Jakarta Utara,Resmi
Rdsphone Solo,Tokopedia,iPhone 13 Series,iPhone 13 Mini,128GB,90.0,Rp4.900.000,"COD, VA, E-Wallet",Jakarta,Inter
axcelstore.id,Tokopedia,iPhone 13 Series,iPhone 13 Mini,256GB,99.0,Rp4.950.000,"VA, E-Wallet",Jakarta Utara,Resmi
joytaro gadget,Tokopedia,iPhone 13 Series,iPhone 13 Mini,128GB,,Rp5.499.000,"VA, E-Wallet",Jakarta Timur,Resmi
Glenngadget,Tokopedia,iPhone 13 Series,iPhone 13 Mini,256GB,,Rp5.500.000,"VA, E-Wallet",Jakarta,Resmi
PippoVibes,Tokopedia,iPhone 13 Series,iPhone 13 Mini,128GB,,Rp5.500.000,"VA, E-Wallet",Tangerang Selatan,Resmi
QQ store168,Tokopedia,iPhone 13 Series,iPhone 13 Mini,128GB,,Rp6.100.000,"VA, E-Wallet",Jakarta Barat,Resmi
ASBUDD STORE,Tokopedia,iPhone 13 Series,iPhone 13 Mini,128GB,85.0,Rp6.500.000,"VA, E-Wallet",Jakarta Selatan,Resmi
App fans,Tokopedia,iPhone 13 Series,iPhone 13 Mini,256GB,,Rp7.799.000,"VA, E-Wallet",Medan,Resmi
ADELIO.STOREE,Tokopedia,iPhone 13 Series,iPhone 13 Mini,256GB,,Rp8.500.000,"VA, E-Wallet",Kab. Sukoharjo,Resmi
Diga gadget,Tokopedia,iPhone 13 Series,iPhone 13 Mini,64GB,,Rp8.987.000,"VA, E-Wallet",Jakarta Timur,Resmi
Wonderland Store,Tokopedia,iPhone 13 Series,iPhone 13 Mini,128GB,,Rp12.000.000,"VA, E-Wallet",Malang,Resmi
Santiayuarizki2,Tokopedia,iPhone 13 Series,iPhone 13 Mini,128GB,,Rp13.000.000,"VA, E-Wallet",Kab. Tangerang,Inter
ShenaLED,Tokopedia,iPhone 13 Series,iPhone 13 Pro,128GB,,Rp3.800.000,"VA, E-Wallet",Jakarta Barat,Resmi
R.A GUIDE,Tokopedia,iPhone 13 Series,iPhone 13 Pro,128GB,,Rp5.158.000,"COD, VA, E-Wallet",Jakarta Pusat,Resmi
Panda Jaya Gadget,Tokopedia,iPhone 13 Series,iPhone 13 Pro,128GB,85.0,Rp5.749.000,"VA, E-Wallet",Tangerang Selatan,Resmi
NetStore168,Tokopedia,iPhone 13 Series,iPhone 13 Pro,128GB,95.0,Rp6.850.000,"VA, E-Wallet",Kab. Tangerang,Resmi
RA GADGET BALI,Tokopedia,iPhone 13 Series,iPhone 13 Pro,128GB,,Rp6.950.000,"VA, E-Wallet",Denpasar,Resmi
Ibgadgetstore,Tokopedia,iPhone 13 Series,iPhone 13 Pro,128GB,,Rp6.995.000,"VA, E-Wallet",Semarang,Resmi
NERDBOSS GADGET,Tokopedia,iPhone 13 Series,iPhone 13 Pro,128GB,90.0,Rp6.999.000,"VA, E-Wallet",Jakarta Utara,Resmi
Ratuberkahselalu,Tokopedia,iPhone 13 Series,iPhone 13 Pro,256GB,,Rp7.000.000,"VA, E-Wallet",Jakarta,Resmi
QQ store168,Tokopedia,iPhone 13 Series,iPhone 13 Pro,128GB,,Rp7.200.000,"VA, E-Wallet",Jakarta Barat,Resmi
Boboystore889 Shop,Tokopedia,iPhone 13 Series,iPhone 13 Pro,128GB,90.0,Rp7.200.000,"VA, E-Wallet",Jakarta Barat,Resmi
iDragonStore,Tokopedia,iPhone 13 Series,iPhone 13 Pro,128GB,100.0,Rp7.350.000,"VA, E-Wallet",Surabaya,Resmi
Jet Store ,Tokopedia,iPhone 13 Series,iPhone 13 Pro,128GB,,Rp7.399.000,"VA, E-Wallet",Jakarta,Resmi
Serbaserbi 2nd,Tokopedia,iPhone 13 Series,iPhone 13 Pro,128GB,,Rp7.500.000,"VA, E-Wallet",Jakarta Selatan,Inter
NERDBOSS GADGET,Tokopedia,iPhone 13 Series,iPhone 13 Pro,256GB,90.0,Rp7.600.000,"VA, E-Wallet",Jakarta Utara,Resmi
Flickercell,Tokopedia,iPhone 13 Series,iPhone 13 Pro,128GB,,Rp7.630.000,"VA, E-Wallet",Bandung,Resmi
Cyrus Cell BEC,Tokopedia,iPhone 13 Series,iPhone 13 Pro,128GB,85.0,Rp7.949.000,"VA, E-Wallet",Bandung,Resmi
Wielsbeke,Tokopedia,iPhone 13 Series,iPhone 13 Pro,128GB,90.0,Rp8.000.000,"VA, E-Wallet",Jakarta,Resmi
PACIFIC GADGET PERINTIS,Tokopedia,iPhone 13 Series,iPhone 13 Pro,128GB,,Rp8.137.500,"VA, E-Wallet",Makassar,Resmi
NERDBOSS GADGET,Tokopedia,iPhone 13 Series,iPhone 13 Pro,512GB,90.0,Rp8.150.000,"VA, E-Wallet",Jakarta Utara,Resmi
Deru Mustafa,Tokopedia,iPhone 13 Series,iPhone 13 Pro,128GB,77.0,Rp8.200.000,"VA, E-Wallet",Kab. Karawang,Resmi
Mobile Phone Shop BEC,Tokopedia,iPhone 13 Series,iPhone 13 Pro,256GB,,Rp8.242.000,"VA, E-Wallet",Bandung,Resmi
Boboystore889 Shop,Tokopedia,iPhone 13 Series,iPhone 13 Pro,128GB,90.0,Rp8.900.000,"VA, E-Wallet",Jakarta Barat,Resmi
Maxsense Store,Tokopedia,iPhone 13 Series,iPhone 13 Pro,128GB,90.0,Rp9.395.000,"VA, E-Wallet",Tangerang Selatan,Resmi
Mc Jkt,Tokopedia,iPhone 13 Series,iPhone 13 Pro,128GB,,Rp9.500.000,"VA, E-Wallet",Jakarta Selatan,Resmi
Ujel Tech,Tokopedia,iPhone 13 Series,iPhone 13 Pro,256GB,94.0,Rp10.000.000,"VA, E-Wallet",Surabaya,Resmi
Kitar ID,Tokopedia,iPhone 13 Series,iPhone 13 Pro,128GB,,Rp10.019.000,"VA, E-Wallet",Jakarta Selatan,Resmi
Inayah Cellular_NEW,Tokopedia,iPhone 13 Series,iPhone 13 Pro,128GB,85.0,Rp11.500.000,"VA, E-Wallet",Bogor,Resmi
Timephone,Tokopedia,iPhone 13 Series,iPhone 13 Pro,128GB,,Rp14.400.000,"VA, E-Wallet",Jakarta,Inter
LeaStore28,Tokopedia,iPhone 13 Series,iPhone 13 Pro Max,128GB,,Rp3.800.000,"VA, E-Wallet",Kab. Cirebon,Resmi
Maxsense Store,Tokopedia,iPhone 13 Series,iPhone 13 Pro Max,128GB,86.0,Rp4.919.000,"VA, E-Wallet",Tangerang Selatan,Resmi
rjstore7_NEW,Tokopedia,iPhone 13 Series,iPhone 13 Pro Max,128GB,,Rp5.300.000,"VA, E-Wallet",Bekasi,Resmi
MACBIN,Tokopedia,iPhone 13 Series,iPhone 13 Pro Max,128GB,86.0,Rp6.655.000,"VA, E-Wallet",Tangerang Selatan,Resmi
bojun88,Tokopedia,iPhone 13 Series,iPhone 13 Pro Max,128GB,100.0,Rp7.450.000,"VA, E-Wallet",Jakarta Utara,Resmi
Jet Store ,Tokopedia,iPhone 13 Series,iPhone 13 Pro Max,128GB,,Rp7.899.000,"VA, E-Wallet",Jakarta,Resmi
QQ store168,Tokopedia,iPhone 13 Series,iPhone 13 Pro Max,128GB,,Rp7.900.000,"VA, E-Wallet",Jakarta Barat,Resmi
Toko Mami Irma,Tokopedia,iPhone 13 Series,iPhone 13 Pro Max,128GB,,Rp8.000.000,"VA, E-Wallet",Malang,Inter
Riau Berry,Tokopedia,iPhone 13 Series,iPhone 13 Pro Max,128GB,,Rp8.100.000,"VA, E-Wallet",Jakarta Barat,Resmi
RA GADGET BALI,Tokopedia,iPhone 13 Series,iPhone 13 Pro Max,128GB,,Rp8.400.000,"VA, E-Wallet",Denpasar,Resmi
Bandariphonesby,Tokopedia,iPhone 13 Series,iPhone 13 Pro Max,128GB,,Rp8.745.000,"VA, E-Wallet",Surabaya,Resmi
WAYCASE_NEW,Tokopedia,iPhone 13 Series,iPhone 13 Pro Max,256GB,88.0,Rp8.792.000,"VA, E-Wallet",Kab. Sleman,Resmi
Nagamas88 Telecom,Tokopedia,iPhone 13 Series,iPhone 13 Pro Max,256GB,,Rp8.800.000,"VA, E-Wallet",Bandung,Resmi
Mobile Phone Shop BEC,Tokopedia,iPhone 13 Series,iPhone 13 Pro Max,512GB,,Rp8.872.000,"VA, E-Wallet",Bandung,Resmi
Cyrus Cell BEC,Tokopedia,iPhone 13 Series,iPhone 13 Pro Max,128GB,85.0,Rp9.785.000,"VA, E-Wallet",Bandung,Resmi
DOPPHON,Tokopedia,iPhone 13 Series,iPhone 13 Pro Max,256GB,,Rp9.999.000,"VA, E-Wallet",Surabaya,Resmi
Maxsense Store,Tokopedia,iPhone 13 Series,iPhone 13 Pro Max,128GB,90.0,Rp10.049.000,"VA, E-Wallet",Tangerang Selatan,Resmi
Kitar ID,Tokopedia,iPhone 13 Series,iPhone 13 Pro Max,128GB,,Rp10.599.000,"VA, E-Wallet",Jakarta Selatan,Resmi
WRC PUCUK HARUM,Tokopedia,iPhone 13 Series,iPhone 13 Pro Max,128GB,,Rp10.900.000,"VA, E-Wallet",Kab. Bekasi,Resmi
Revstorepadang,Tokopedia,iPhone 13 Series,iPhone 13 Pro Max,256GB,86.0,Rp11.000.000,"VA, E-Wallet",Jakarta,Resmi
Diga gadget,Tokopedia,iPhone 13 Series,iPhone 13 Pro Max,128GB,,Rp14.525.508,"VA, E-Wallet",Jakarta Timur,Resmi
Sifanacollection,Tokopedia,iPhone 13 Series,iPhone 13 Pro Max,128GB,90.0,Rp15.350.000,"COD, VA, E-Wallet",Bekasi,Resmi
Calvin Gadget Store,Tokopedia,iPhone 13 Series,iPhone 13 Pro Max,128GB,92.0,Rp15.500.000,"VA, E-Wallet",Makassar,Resmi
